{
    "brushxoffset": -12.994125006334137,
    "brushxoffsetmodify": 0.05010000000000048,
    "brushxoffsets": -13.48020027407282,
    "brushyoffset": -41.24749406720478,
    "brushyoffsetmodify": -0.1882999999999697,
    "brushyoffsets": -41.57881133171519,
    "brushzoffset": -152.68700101343677,
    "brushzoffsetmodify": -0.39280000000002246,
    "brushzoffsets": 124.86739444757369
}