{
    "sideaheadrotateoffset": {
        "x": -0.3382000000000005,
        "y": -15.92610000000002,
        "z": 0.49389999999999645
    },
    "sideleftrotateoffset": {
        "x": 5.143100000000004,
        "y": -9.760999999999996,
        "z": 8.55970000000002
    },
    "siderightrotateoffset": {
        "x": 2.605099999999993,
        "y": -13.934799999999996,
        "z": 0.18490000000002738
    },
    "uprightrotateoffset": {
        "x": 2.390299999999968,
        "y": -14.061199999999985,
        "z": 4.191800000000001
    }
}