{
    "x": -9.352824,
    "y": -186.998296,
    "z": 224.724733,
    "rx": 0.0,
    "ry": 0.0,
    "rz": 0.0
}